task,ast,audiomae,clap,emotion2vec,hubert,mms,opera_gt,qwen3_voice,w2v2,wavjepa,wavlm,whisper
avfad_ageR,1,1,0,0,1,1,0,1,1,1,1,1
avfad_bmiR,1,1,0,0,1,1,0,1,1,1,1,1
avfad_pathC,1,1,0,0,1,1,0,1,1,1,1,1
avfad_sexC,1,1,0,0,1,1,0,1,1,1,1,1
avfad_smokerC,1,1,0,0,1,1,0,1,1,1,1,1
c9s_L_t1,1,1,1,1,1,1,1,1,1,1,1,1
c9s_L_t2,1,1,1,1,1,1,1,1,1,1,1,1
c9s_ageR,1,1,1,1,0,1,1,1,0,1,1,0
c9s_sexC,1,1,1,1,1,1,1,1,1,1,1,0
c9s_smokerC,1,1,1,1,1,1,1,1,1,1,1,0
c9s_sympL,1,1,1,1,1,1,1,1,1,1,1,0
c9s_t1,0,1,1,1,1,1,1,1,1,1,1,0
c9s_t2,0,1,1,1,1,1,1,1,1,1,1,0
coswara_ageR,1,1,0,0,1,1,0,1,1,1,1,1
coswara_covidC,1,1,0,0,1,1,0,1,1,1,1,1
coswara_sexC,1,1,0,0,1,1,0,1,1,1,1,1
coswara_smokerC,1,1,0,0,1,1,0,1,1,1,1,1
coswara_sympC,1,1,0,0,1,1,0,1,1,1,1,1
coswara_sympL,1,1,0,0,1,1,0,1,1,1,1,1
daic_woz_depC,0,0,0,0,0,0,0,0,0,0,0,0
daic_woz_phqR,0,0,0,0,0,0,0,0,0,0,0,0
edaic_depC,0,0,0,0,0,0,0,0,0,0,0,0
edaic_phqR,0,0,0,0,0,0,0,0,0,0,0,0
iemocap_emoC,1,1,1,0,1,1,1,1,1,1,1,1
mvdr_parkC,1,1,0,0,1,1,0,1,1,1,1,1
nemours_dysC,1,1,0,0,1,1,0,1,1,1,1,1
ravdess_emoC,1,1,0,0,1,1,0,1,1,1,1,1
torgo_dysC,1,1,0,0,1,1,0,1,1,1,1,1
torgo_sevR,1,1,0,0,1,1,0,1,1,1,1,1
uaspeech_dysC,1,1,0,0,1,1,0,1,1,1,1,1
TOTAL,24,26,9,8,25,26,9,26,25,26,26,20
