encoder,avg,aphasia_pwaC,avfad_pathC,c9s_L_t1,c9s_L_t2,c9s_sympL,c9s_t1,c9s_t2,coswara_covidC,coswara_sympC,coswara_sympL,dbank_adC,dbank_mmseR,edaic_depC,edaic_phqR,iemocap_emoBC,iemocap_emoC,ksof_intC,ksof_stutL,mdvr_hyR,mdvr_parkC,mdvr_updrs18R,mdvr_updrs5R,ravdess_emoBC,ravdess_emoC,torgo_dysC,torgo_sevR,uaspeech_dysC
whisper,0.4486,0.1429,0.125,1.0,1.0,1.0,0.3333,0.5,0.3333,0.3333,0.1667,1.0,0.0909,0.1111,0.25,0.25,0.5,0.5,0.5,0.1667,0.1667,0.3333,0.1429,0.5,0.3333,1.0,1.0,0.3333
qwen3voice,0.4103,1.0,0.5,0.3333,0.1667,0.25,1.0,0.3333,1.0,1.0,0.3333,0.5,0.0833,0.1,0.5,0.5,0.3333,0.25,0.25,0.3333,0.1111,0.25,0.5,0.3333,0.5,0.25,0.2,0.1667
wavlm_large,0.3771,0.5,0.3333,0.5,0.3333,0.3333,0.5,1.0,0.5,0.5,0.2,0.3333,0.1111,0.125,0.1667,0.3333,0.25,1.0,1.0,0.2,0.3333,0.1667,0.2,0.2,0.2,0.5,0.1111,0.25
ast,0.3575,0.3333,0.2,0.1429,0.1429,0.1429,0.1429,0.0909,0.25,0.2,1.0,0.0909,0.125,1.0,0.2,0.2,0.2,0.1429,0.125,1.0,1.0,1.0,0.3333,0.25,0.25,0.0909,0.5,0.5
emotion2vec,0.3187,0.0833,0.0909,0.1,0.0833,0.1,0.0909,0.2,0.1,0.1429,0.0909,0.1667,0.25,0.5,0.125,1.0,1.0,0.1,0.0909,0.25,0.2,0.5,1.0,1.0,1.0,0.1667,0.0909,0.0833
mms,0.2124,0.2,0.25,0.25,0.5,0.5,0.25,0.1429,0.125,0.125,0.1111,0.1429,0.3333,0.1429,0.0833,0.1111,0.1429,0.125,0.2,0.1111,0.125,0.0833,0.0833,0.1111,0.1111,0.125,0.25,1.0
audiomae,0.1949,0.1,0.1667,0.125,0.1,0.125,0.1111,0.0833,0.2,0.1667,0.125,0.125,0.5,0.1667,1.0,0.1667,0.1667,0.1111,0.1429,0.1429,0.5,0.0909,0.1111,0.125,0.1429,0.2,0.1429,0.125
wavjepa,0.1905,0.125,1.0,0.2,0.2,0.1667,0.2,0.1111,0.1111,0.1111,0.5,0.25,0.1,0.2,0.1111,0.125,0.125,0.1667,0.1667,0.0909,0.1,0.125,0.1,0.1667,0.1667,0.1,0.125,0.2
opera_gt,0.1851,0.25,0.1429,0.1111,0.1111,0.1111,0.125,0.1,0.0909,0.0909,0.25,0.1,1.0,0.0909,0.3333,0.0909,0.1,0.0909,0.1,0.5,0.25,0.2,0.25,0.1,0.1,0.0833,0.0833,0.1429
hubert,0.1844,0.1667,0.1111,0.1667,0.25,0.2,0.1667,0.25,0.1667,0.25,0.1429,0.125,0.1667,0.3333,0.1,0.1429,0.1111,0.3333,0.3333,0.125,0.0909,0.1111,0.0909,0.1429,0.125,0.3333,0.3333,0.1111
w2v2,0.1156,0.1111,0.0833,0.0909,0.125,0.0909,0.0833,0.1667,0.1429,0.1,0.1,0.2,0.2,0.0833,0.0909,0.1,0.0833,0.2,0.1111,0.1,0.0833,0.1429,0.125,0.0909,0.0833,0.1429,0.1,0.0909
clap,0.1085,0.0909,0.1,0.0833,0.0909,0.0833,0.1,0.125,0.0833,0.0833,0.0833,0.0833,0.1429,0.25,0.1429,0.0833,0.0909,0.0833,0.0833,0.0833,0.1429,0.1,0.1667,0.0833,0.0909,0.1111,0.1667,0.1
