encoder,avg,aphasia_pwaC,avfad_pathC,covid_det,dbank_adC,dbank_mmseR,dysarthria_det,edaic_depC,edaic_phqR,emo_classify,emo_neg,ksof_intC,ksof_stutL,mvdr_hyR,mvdr_parkC,mvdr_updrs18R,mvdr_updrs5R,symptom_multi,symptomatic,torgo_sevR
whisper,0.4238,0.1429,0.125,0.5,1.0,0.0833,1.0,0.1,0.1667,0.5,0.5,0.5,0.5,0.1667,0.125,0.1429,0.1667,1.0,0.3333,1.0
wavlm,0.3889,0.5,0.3333,1.0,0.3333,0.1,0.5,0.1111,0.125,0.25,0.25,1.0,1.0,0.1429,0.5,0.1667,0.1429,0.3333,0.5,0.1
qwen3voice,0.3581,1.0,0.5,0.3333,0.5,0.0769,0.3333,0.0833,0.25,0.3333,0.3333,0.25,0.25,0.25,0.1111,0.3333,0.2,0.5,1.0,0.1667
ast,0.3499,0.3333,0.2,0.125,0.0769,0.1111,0.125,0.5,0.1429,0.2,0.2,0.1429,0.125,1.0,1.0,1.0,0.5,0.2,0.1667,0.5
emotion2vec,0.2408,0.0769,0.0909,0.1111,0.1667,0.2,0.0909,0.25,0.1111,1.0,1.0,0.0833,0.0769,0.3333,0.2,0.25,0.25,0.1,0.1,0.0833
gemini,0.2305,0.0909,0.0714,0.0769,0.0833,0.5,0.0769,0.3333,1.0,0.0909,0.1429,0.1,0.1,0.0714,0.0833,0.0769,1.0,0.0769,0.0714,0.3333
opera_gt,0.2211,0.25,0.1429,0.0909,0.1,1.0,0.1,0.0769,0.2,0.1,0.0833,0.0769,0.0833,0.5,0.25,0.5,0.3333,0.125,0.1111,0.0769
wavjepa,0.1803,0.125,1.0,0.1429,0.25,0.0909,0.1429,0.1429,0.0909,0.1429,0.1111,0.1667,0.1667,0.0833,0.0909,0.0833,0.0769,0.25,0.1429,0.125
hubert,0.1707,0.1667,0.1111,0.25,0.1111,0.1429,0.25,0.1667,0.0833,0.125,0.125,0.3333,0.3333,0.1111,0.0769,0.0909,0.1,0.1667,0.25,0.25
audiomae,0.1706,0.1,0.1667,0.1,0.125,0.3333,0.2,0.125,0.3333,0.1667,0.1,0.1111,0.1429,0.2,0.3333,0.2,0.125,0.1111,0.125,0.1429
qwen3omni,0.1546,0.0714,0.0833,0.0714,0.0909,0.0714,0.0714,1.0,0.5,0.0833,0.1667,0.0909,0.0909,0.0769,0.1,0.0769,0.0714,0.0714,0.0769,0.0714
mms,0.1533,0.2,0.25,0.1667,0.1429,0.25,0.1667,0.0909,0.0714,0.1111,0.0909,0.125,0.2,0.125,0.1429,0.125,0.1111,0.1429,0.2,0.2
w2v2,0.1101,0.1111,0.0769,0.2,0.2,0.1667,0.0833,0.0714,0.0769,0.0714,0.0769,0.2,0.1111,0.1,0.0714,0.1111,0.0909,0.0909,0.0909,0.0909
clap,0.0992,0.0833,0.1,0.0833,0.0714,0.125,0.1111,0.2,0.1,0.0769,0.0714,0.0714,0.0714,0.0909,0.1667,0.1,0.0833,0.0833,0.0833,0.1111
