,overall_score,overall_rank,eqcat_rank,eqcat_score,Affective_score,Affective_rank,Cognitive_score,Cognitive_rank,Motor_score,Motor_rank,Respiratory_score,Respiratory_rank
wavlm,0.711,1,1,0.6939,0.663,4,0.63,5,0.7595,3,0.723,1
whisper,0.7031,2,2,0.6818,0.6707,3,0.5988,8,0.7625,1,0.6951,5
ast,0.6976,3,4,0.6734,0.675,2,0.5666,12,0.7614,2,0.6908,6
qwen3voice,0.6923,4,3,0.6737,0.6457,7,0.5874,9,0.7407,4,0.721,2
audiomae,0.6851,5,5,0.6702,0.641,8,0.6332,4,0.7315,5,0.6753,7
mms,0.6803,6,6,0.6689,0.6068,11,0.6514,2,0.7188,7,0.6987,3
hubert,0.6779,7,7,0.6629,0.638,9,0.6298,6,0.7261,6,0.6578,9
wavjepa,0.6688,8,8,0.6543,0.6368,10,0.5786,10,0.704,8,0.6978,4
emotion2vec,0.6597,9,9,0.6499,0.7459,1,0.5674,11,0.6758,10,0.6104,11
opera_gt,0.6504,10,10,0.6411,0.5631,13,0.6458,3,0.6864,9,0.6692,8
w2v2,0.6269,11,11,0.6169,0.5257,14,0.6532,1,0.6736,11,0.6151,10
gemini,0.6073,12,12,0.6054,0.6544,6,0.613,7,0.6161,13,0.5383,14
clap,0.6068,13,13,0.5901,0.5802,12,0.5255,13,0.6532,12,0.6015,12
qwen3omni,0.5392,14,14,0.526,0.6576,5,0.3521,14,0.5447,14,0.5498,13
